city,Lat,Lng,Max Temp,Humidity,Cloudiness,Wind Speed,Country,Date
anadyr,64.75,177.4833,248.43,83,100,2.0,RU,1710097261
labrador city,52.9463,-66.9114,272.69,61,100,3.6,CA,1710097261
egilsstadir,65.2653,-14.3948,274.1,93,100,3.6,IS,1710097263
iqaluit,63.7506,-68.5145,248.0,70,40,0.0,CA,1710097222
weining,26.85,104.2333,276.48,77,100,4.38,CN,1710097264
bethel,41.3712,-73.414,282.71,62,71,1.34,US,1710097265
itoman,26.1247,127.6694,291.58,67,40,2.57,JP,1710097266
stanley,54.868,-1.6985,277.99,93,75,5.66,GB,1710097266
adamstown,-25.066,-130.1015,296.7,70,72,0.27,PN,1710097267
guapimirim,-22.5372,-42.9819,303.99,88,79,1.91,BR,1710097267
vorgashor,67.5833,63.95,248.21,98,100,2.36,RU,1710097275
hawaiian paradise park,19.5933,-154.9731,293.17,98,100,1.54,US,1710097278
aasiaat,68.7098,-52.8699,253.32,97,100,1.0,GL,1710097279
byron bay,-28.65,153.6167,293.54,81,37,7.47,AU,1710097283
ventspils,57.3894,21.5606,272.11,74,0,4.12,LV,1710097284
salekhard,66.53,66.6019,244.17,99,100,1.01,RU,1710097289
lazaro cardenas,17.9583,-102.2,300.58,55,0,4.11,MX,1710097290
port-aux-francais,-49.35,70.2167,279.75,82,100,10.74,TF,1710097292
puerto ayora,-0.7393,-90.3518,304.13,76,36,1.83,EC,1710097293
susuman,62.7833,148.1667,245.36,99,92,0.89,RU,1710097294
juan griego,11.0817,-63.9655,304.22,62,99,9.26,VE,1710097295
qal'ah-ye shahr,35.5473,65.5676,271.95,69,8,3.8,AF,1710097296
kodiak,57.79,-152.4072,269.88,80,100,2.57,US,1710097296
carutapera,-1.195,-46.02,300.01,89,100,2.36,BR,1710097298
mont-tremblant,46.1949,-74.6264,275.92,93,100,1.03,CA,1710097298
sitka,57.0531,-135.33,275.02,98,100,1.32,US,1710097299
mont-laurier,46.5501,-75.4993,269.94,90,100,5.11,CA,1710097302
rio grande,-32.035,-52.0986,303.21,57,0,5.22,BR,1710097303
hasaki,35.7333,140.8333,274.37,58,98,3.97,JP,1710097304
saint-georges,12.0564,-61.7485,302.97,70,20,6.17,GD,1710097305
georgetown,5.4112,100.3354,301.11,78,20,1.54,MY,1710096773
floro,61.5996,5.0328,274.13,64,0,0.0,NO,1710097306
elesbao veloso,-6.2019,-42.1403,305.0,63,78,0.84,BR,1710097306
yaren,-0.5472,166.916,301.49,81,98,7.07,NR,1710097307
talnakh,69.4865,88.3972,251.09,99,100,1.87,RU,1710097307
tromso,69.6496,18.957,275.16,93,75,2.57,NO,1710097189
tura,25.5198,90.2201,290.79,31,0,1.37,IN,1710097310
phan rang-thap cham,11.5667,108.9833,295.77,88,57,2.24,VN,1710097310
kratie,12.4881,106.0188,298.85,67,100,1.22,KH,1710097311
howrah,22.5892,88.3103,295.15,53,0,0.0,IN,1710097313
kingston,17.997,-76.7936,305.46,59,3,3.81,JM,1710097102
lamar,33.6668,-95.5836,288.51,36,0,0.0,US,1710097315
lebu,-37.6167,-73.65,290.79,64,100,4.42,CL,1710097315
paro,27.4305,89.4133,279.76,86,6,1.71,BT,1710097316
puerto natales,-51.7236,-72.4875,283.4,57,75,11.32,CL,1710097316
edinburgh of the seven seas,-37.0676,-12.3116,289.83,71,13,8.09,SH,1710097317
afaahiti,-17.75,-149.2833,302.08,80,100,4.18,PF,1710097317
charlottetown,46.2352,-63.1267,274.14,85,100,12.07,CA,1710097030
yellowknife,62.456,-114.3525,267.27,92,100,8.23,CA,1710097320
east end,34.5507,-92.341,291.0,32,100,0.45,US,1710097380
grytviken,-54.2811,-36.5092,278.0,94,100,3.98,GS,1710097380
ribeira grande,38.5167,-28.7,290.37,88,40,8.94,PT,1710097381
sao jose de ribamar,-2.5619,-44.0542,298.36,74,59,3.95,BR,1710097381
utrik,11.2278,169.8474,299.72,77,93,10.04,MH,1710097384
blackmans bay,-43.0167,147.3167,288.22,95,100,1.44,AU,1710097384
jiquilpan de juarez,19.9833,-102.7167,302.28,18,15,4.15,MX,1710097385
waitangi,-43.9535,-176.5597,288.05,84,100,3.13,NZ,1710097386
kourou,5.1552,-52.6478,304.18,60,34,3.51,GF,1710097389
ancud,-41.8697,-73.8203,288.48,75,100,5.41,CL,1710097390
udachny,66.4167,112.4,251.65,99,96,2.25,RU,1710097391
ribas do rio pardo,-20.4431,-53.7592,301.21,74,100,1.36,BR,1710097391
colonia,50.9333,6.95,285.34,61,0,1.54,DE,1710097358
san juan nepomuceno,9.9516,-75.082,309.82,41,60,3.35,CO,1710097392
westport,41.1415,-73.3579,283.63,57,100,5.14,US,1710097393
sao miguel do iguacu,-25.3481,-54.2378,305.64,32,100,2.79,BR,1710097393
winnemucca,40.973,-117.7357,285.18,30,0,5.14,US,1710097394
college,64.8569,-147.8028,256.52,70,100,2.06,US,1710097395
avarua,-21.2078,-159.775,300.18,89,92,3.09,CK,1710097395
guiuan,11.0333,125.7247,299.76,78,59,6.09,PH,1710097396
port elizabeth,-33.918,25.5701,293.76,90,20,2.06,ZA,1710097389
punta arenas,-53.15,-70.9167,283.21,46,75,12.35,CL,1710097397
olonkinbyen,70.9221,-8.7187,273.14,89,17,3.07,SJ,1710097397
thompson,55.7435,-97.8558,274.24,55,100,2.57,CA,1710097397
mil'kovo,55.6078,37.7956,268.37,98,23,2.11,RU,1710097398
ilulissat,69.2167,-51.1,259.16,66,75,7.72,GL,1710097398
ushuaia,-54.8,-68.3,283.94,61,75,9.26,AR,1710097399
ust-nera,64.5667,143.2,249.24,100,99,0.4,RU,1710097400
minot air force base,48.4209,-101.3391,282.25,46,0,4.12,US,1710097400
west island,-12.1568,96.8225,295.14,94,100,16.46,CC,1710097401
port alfred,-33.5906,26.891,295.47,95,33,2.31,ZA,1710097401
nova sintra,14.8667,-24.7167,292.63,73,13,9.79,CV,1710097402
nizhnesortymskiy,62.4397,71.7603,245.25,100,64,1.46,RU,1710097402
tiksi,71.6872,128.8694,241.89,100,59,2.07,RU,1710097405
salinopolis,-0.6136,-47.3561,301.78,76,100,3.92,BR,1710097409
pemangkat,1.1667,108.9667,298.52,91,100,3.77,ID,1710097409
guerrero negro,27.9769,-114.0611,295.19,29,0,4.12,MX,1710097413
acajutla,13.5928,-89.8275,303.9,58,0,4.15,SV,1710097220
calvinia,-31.4707,19.776,298.72,19,0,1.97,ZA,1710097414
bilibino,68.0546,166.4372,252.44,100,99,1.04,RU,1710097415
laholm,56.5121,13.0437,274.79,78,55,7.61,SE,1710097426
longyearbyen,78.2186,15.6401,263.06,73,20,0.0,SJ,1710097426
somerset east,-32.7217,25.588,293.81,83,0,4.05,ZA,1710097427
rizokarpaso,35.6,34.375,287.3,50,0,3.36,CY,1710097427
beyneu,45.3167,55.2,273.86,60,5,2.38,KZ,1710097428
medina,24.4686,39.6142,302.39,14,0,7.2,SA,1710097223
newman,37.3138,-121.0208,288.23,74,100,1.34,US,1710097250
albany,42.6001,-73.9662,278.74,73,100,0.89,US,1710097485
papatowai,-46.5619,169.4708,286.13,77,100,7.28,NZ,1710097489
mahina,-17.5065,-149.489,303.02,70,75,1.54,PF,1710097490
peterhead,57.5058,-1.7981,278.37,83,100,10.62,GB,1710097490
kouango,4.9934,19.9619,304.48,30,0,1.86,CF,1710097491
luanda,-8.8368,13.2343,302.15,79,75,3.6,AO,1710097491
cockburn town,21.4612,-71.1419,300.13,74,40,5.14,TC,1710097492
emmett,43.8735,-116.4993,284.44,58,100,5.19,US,1710097217
malindi,-3.2175,40.1191,301.97,71,3,5.78,KE,1710097493
mount isa,-20.7333,139.5,299.02,57,100,3.09,AU,1710097312
xai-xai,-25.0519,33.6442,299.3,89,0,4.27,MZ,1710097494
nellore,14.4333,79.9667,297.63,86,0,3.0,IN,1710097494
mala,-12.6581,-76.6308,298.73,72,80,3.54,PE,1710097495
constantia,44.1833,28.65,278.54,87,59,6.28,RO,1710097446
zeerust,-25.5369,26.0751,295.64,54,23,2.84,ZA,1710097496
santa terezinha,-29.9002,-50.0904,299.02,75,0,5.95,BR,1710097496
toliara,-23.35,43.6667,299.48,81,100,1.28,MG,1710097497
kuching,1.55,110.3333,300.94,93,40,0.0,MY,1710097497
xinghua,32.9392,119.8342,278.81,82,100,2.09,CN,1710097498
vilyuysk,63.7553,121.6247,245.93,100,100,1.34,RU,1710097498
la ronge,55.1001,-105.2842,277.29,52,75,4.63,CA,1710097466
nemuro,43.3236,145.575,271.22,69,10,3.52,JP,1710097499
burutu,5.3509,5.5076,301.8,81,100,4.63,NG,1710097499
santa ana,33.7456,-117.8678,295.04,53,75,2.57,US,1710097500
tulun,54.5611,100.5792,261.9,98,100,1.96,RU,1710097500
burang,30.25,81.1667,268.12,79,100,2.71,CN,1710097501
bikenibeu village,1.3673,173.1241,301.13,89,75,4.63,KI,1710097502
aldan,58.6031,125.3894,252.49,98,100,2.56,RU,1710097503
hithadhoo,-0.6,73.0833,301.69,70,70,3.97,MV,1710097504
qaqortoq,60.7167,-46.0333,269.0,87,99,4.5,GL,1710097505
stavanger,58.9701,5.7333,277.16,48,75,2.06,NO,1710097444
ramhormoz,31.28,49.6035,292.82,33,85,2.91,IR,1710097505
pangody,65.85,74.4859,241.53,100,95,1.94,RU,1710097506
luderitz,-26.6481,15.1594,292.01,80,6,4.31,NA,1710097507
tondano,1.3038,124.9112,293.2,95,100,1.44,ID,1710097508
vilyuchinsk,52.9306,158.4028,271.44,88,100,3.07,RU,1710097508
wailua homesteads,22.0669,-159.378,295.39,79,40,7.72,US,1710097509
yangliuqing,39.1375,116.9997,280.12,56,0,1.72,CN,1710097509
craig,40.5153,-107.5464,277.12,41,0,4.63,US,1710097510
port augusta,-32.5,137.7667,301.12,27,7,2.82,AU,1710097510
hailar,49.2,119.7,252.56,100,96,2.16,CN,1710097511
fisterra,42.9049,-9.2629,285.23,75,4,9.23,ES,1710097512
varadero,23.1536,-81.2514,304.57,62,22,3.63,CU,1710097512
hadibu,12.65,54.0333,299.71,80,7,2.82,YE,1710097350
port saint john's,-31.6229,29.5448,298.81,88,96,2.45,ZA,1710097513
tarauaca,-8.1614,-70.7656,304.59,63,100,1.88,BR,1710097514
lauro de freitas,-12.8944,-38.3272,303.16,79,0,5.14,BR,1710097426
camana,-16.6228,-72.7111,297.89,71,27,4.48,PE,1710097575
baise city,23.8997,106.6133,290.01,99,100,0.89,CN,1710097575
belyy yar,53.6039,91.3903,274.09,75,0,5.0,RU,1710097576
rabaul,-4.1967,152.1721,300.77,80,100,3.78,PG,1710097576
luganville,-15.5333,167.1667,299.34,88,99,1.52,VU,1710097577
sirvan,39.9379,48.9286,278.84,79,100,3.37,AZ,1710097577
palikir - national government center,6.9248,158.1611,300.56,74,100,5.14,FM,1710097577
carahue,-38.7,-73.1667,294.83,39,100,3.13,CL,1710097578
chardara,41.2547,67.9692,283.38,85,10,2.15,KZ,1710097579
quinte west,44.1834,-77.5662,275.67,73,100,6.17,CA,1710097579
arhavi,41.3492,41.3069,280.1,80,34,0.93,TR,1710097580
st. john's,47.5649,-52.7093,273.86,88,100,3.6,CA,1710097463
pingyin,36.2831,116.4453,282.99,59,100,4.48,CN,1710097580
atafu village,-8.5421,-172.5159,302.9,76,16,7.75,TK,1710097581
bir el ater,34.7449,8.0602,284.96,38,44,7.62,DZ,1710097581
lihue,21.9789,-159.3672,295.73,79,40,7.72,US,1710097519
enewetak,11.3474,162.3373,299.69,72,95,9.17,MH,1710097583
brokopondo,4.75,-55.1667,306.91,45,15,1.59,SR,1710097583
hermanus,-34.4187,19.2345,292.48,76,0,4.37,ZA,1710097583
sisimiut,66.9395,-53.6735,258.56,80,34,4.8,GL,1710097584
nolinsk,57.5596,49.9363,253.98,100,96,1.33,RU,1710097584
uturoa,-16.7333,-151.4333,301.43,78,100,4.46,PF,1710097585
acapulco de juarez,16.8634,-99.8901,302.02,58,0,3.8,MX,1710097473
cradock,-32.1642,25.6192,294.86,73,0,2.98,ZA,1710097586
vila do maio,15.1333,-23.2167,296.59,73,12,7.11,CV,1710097586
amga,60.8953,131.9608,251.32,100,100,0.27,RU,1710097586
lashio,22.9333,97.75,286.31,37,1,1.02,MM,1710097587
gorontalo,0.5412,123.0595,297.18,93,100,1.87,ID,1710097587
la passe,45.5549,-0.8967,281.28,89,76,3.55,FR,1710097588
ingeniero jacobacci,-41.3427,-69.5448,295.48,17,100,9.93,AR,1710097588
port macquarie,-31.4333,152.9167,292.53,76,45,2.85,AU,1710097482
oguzeli,36.9657,37.5134,281.14,81,40,2.06,TR,1710097589
whitehorse,60.7161,-135.0538,268.04,72,20,7.2,CA,1710097589
inarajan village,13.2736,144.7484,298.7,91,86,7.94,GU,1710097590
margaret river,-33.95,115.0667,285.92,87,0,4.89,AU,1710097590
wewak,-3.5534,143.6268,298.6,88,100,3.36,PG,1710097591
rasht,37.2808,49.5832,281.05,100,100,7.2,IR,1710097591
tazovsky,67.4667,78.7,243.7,100,99,2.54,RU,1710097592
grand falls-windsor,48.9332,-55.6649,276.21,62,20,0.89,CA,1710097592
iskateley,67.6803,53.1512,255.22,96,100,4.33,RU,1710097593
lompoc,34.6391,-120.4579,290.81,69,100,4.63,US,1710097593
crucecita,-28.95,-58.9833,308.11,45,85,4.32,AR,1710097594
dudinka,69.4058,86.1778,246.3,100,97,1.79,RU,1710097594
sheringham,52.9408,1.2093,280.48,93,100,9.34,GB,1710097595
coruripe,-10.1256,-36.1756,302.99,60,1,4.73,BR,1710097595
booue,-0.0921,11.9385,300.95,71,81,0.13,GA,1710097596
port mathurin,-19.6833,63.4167,299.76,80,9,9.73,MU,1710097596
fort bragg,35.139,-79.006,290.23,30,0,9.26,US,1710097597
kristiansund,63.1115,7.732,274.51,60,0,1.03,NO,1710097657
princeville,45.7668,-61.2985,273.33,90,100,8.75,CA,1710097658
nadym,65.5333,72.5167,243.95,100,99,1.74,RU,1710097659
bredasdorp,-34.5322,20.0403,292.11,76,0,2.31,ZA,1710097659
bandon,51.7469,-8.7425,280.92,86,100,4.84,IE,1710097660
karlskrona,56.1616,15.5866,274.4,74,94,9.44,SE,1710097660
shalqar,47.8333,59.6,269.66,81,7,2.06,KZ,1710097661
severobaykal'sk,55.65,109.3167,261.76,95,100,1.94,RU,1710097661
koungheul,13.9833,-14.8,309.74,12,10,3.96,SN,1710097661
geraldton,-28.7667,114.6,292.38,68,0,5.14,AU,1710097662
skovorodino,53.9833,123.9167,254.39,99,76,1.18,RU,1710097662
fortuna,40.5982,-124.1573,282.23,93,75,2.24,US,1710097663
remire-montjoly,4.9167,-52.2667,304.17,66,0,6.17,GF,1710097663
zhangjiakou shi xuanhua qu,40.6103,115.0447,276.84,42,99,2.41,CN,1710097664
masterton,-40.9597,175.6575,289.32,84,100,2.15,NZ,1710097665
petropavlovsk-kamchatsky,53.0452,158.6483,270.62,77,75,5.36,RU,1710097665
vryheid,-27.7695,30.7917,293.39,67,0,2.19,ZA,1710097666
puerto baquerizo moreno,-0.9,-89.6,299.7,94,100,1.54,EC,1710097666
midway,35.9535,-80.2181,286.66,35,0,8.84,US,1710097667
klyuchi,52.2667,79.1667,270.67,92,100,3.49,RU,1710097667
kaa-khem,51.6833,94.7333,256.71,91,66,1.28,RU,1710097667
kerikeri,-35.2268,173.9474,286.19,91,37,1.67,NZ,1710097668
hamilton,39.1834,-84.5333,280.8,50,40,10.28,US,1710097467
nar'yan-mar,67.6713,53.087,255.44,96,100,4.34,RU,1710097669
arraias,-12.9288,-46.9437,301.13,70,97,0.31,BR,1710097669
mahibadhoo,3.7833,72.9667,301.31,74,12,4.21,MV,1710097670
naze,28.3667,129.4833,286.04,59,85,2.5,JP,1710097670
jamestown,42.097,-79.2353,272.92,97,100,9.26,US,1710097671
barcelos,41.5388,-8.6151,285.23,84,25,4.5,PT,1710097671
praia da vitoria,38.7333,-27.0667,290.24,87,100,8.03,PT,1710097672
rio gallegos,-51.6226,-69.2181,284.74,43,88,15.51,AR,1710097672
acarau,-2.8856,-40.12,302.25,77,69,4.15,BR,1710097673
yuzhno-kurilsk,44.0306,145.8556,269.47,59,46,2.32,RU,1710097673
hell-ville,-13.4,48.2667,301.44,76,100,3.7,MG,1710097674
tolanaro,-25.0319,46.9987,297.83,86,43,5.61,MG,1710097674
abashiri,44.0213,144.2697,268.35,80,71,3.69,JP,1710097675
walla walla,46.0646,-118.343,288.97,39,100,9.77,US,1710097676
baruun-urt,46.6806,113.2792,255.98,91,22,1.05,MN,1710097676
gadzhiyevo,69.2551,33.3362,273.68,85,100,9.07,RU,1710097677
chonchi,-42.6128,-73.8092,291.55,69,100,2.55,CL,1710097677
strezhevoy,60.7333,77.5889,258.69,98,99,2.24,RU,1710097678
talara,-4.5772,-81.2719,305.57,51,0,8.23,PE,1710097678
quellon,-43.1167,-73.6167,287.9,79,100,2.88,CL,1710097679
piranshahr,36.701,45.1413,273.84,83,40,2.57,IR,1710097679
beeville,28.4008,-97.7483,291.83,32,0,4.12,US,1710097680
traverse city,44.7631,-85.6206,276.48,63,75,9.77,US,1710097740
port lincoln,-34.7333,135.8667,297.96,51,100,3.91,AU,1710097740
greymouth,-42.4667,171.2,284.92,87,100,1.33,NZ,1710097741
hammerfest,70.6634,23.6821,275.4,93,75,2.06,NO,1710097741
manicore,-5.8092,-61.3003,303.01,72,100,0.48,BR,1710097742
polyarnyy,69.1989,33.4478,273.74,85,99,8.96,RU,1710097742
malpica,43.3228,-8.8105,285.0,68,51,6.37,ES,1710097743
ormara,25.2088,64.6357,295.8,72,0,4.01,PK,1710097743
alfredton,-37.5667,143.8167,293.42,58,91,1.98,AU,1710097744
wellington,-41.2866,174.7756,289.81,81,20,12.35,NZ,1710097489
southside,33.9245,-86.0225,289.05,30,0,6.17,US,1710097745
fale old settlement,-9.3852,-171.2468,302.63,77,52,6.28,TK,1710097745
ayorou,14.7308,0.9174,305.99,11,2,1.85,NE,1710097746
darnah,32.767,22.6367,289.03,64,0,5.95,LY,1710097746
ola,59.5833,151.2833,264.9,91,100,3.91,RU,1710097746
bosobolo,4.1833,19.9,301.94,41,1,1.03,CD,1710097747
wanning,18.8003,110.3967,295.66,93,77,1.36,CN,1710097747
whakatane,-37.9585,176.9854,287.47,99,100,2.13,NZ,1710097748
lieto,60.5103,22.4618,269.98,93,0,0.51,FI,1710097748
tsiombe,-25.3,45.4833,298.09,88,89,2.42,MG,1710097749
viana do castelo,41.6932,-8.8329,284.2,79,33,6.81,PT,1710097749
mao,39.8885,4.2658,287.46,82,20,4.12,ES,1710097750
yeed,4.55,43.0333,304.95,27,1,4.34,SO,1710097750
daru,-9.0763,143.2092,298.8,92,100,1.82,PG,1710097751
san pedro pochutla,15.7333,-96.4667,302.99,47,1,4.32,MX,1710097751
kaohsiung,22.6163,120.3133,291.5,86,100,1.89,TW,1710097748
lagoa,39.05,-27.9833,289.07,80,100,6.64,PT,1710097752
kasama,-10.2129,31.1808,291.65,94,100,1.42,ZM,1710097753
misratah,32.3754,15.0925,293.6,53,1,9.54,LY,1710097753
librazhd-qender,41.1969,20.3356,286.16,76,100,1.9,AL,1710097753
faya-largeau,17.9257,19.1043,304.05,11,20,1.86,TD,1710097754
bambanglipuro,-7.95,110.2833,298.79,83,100,1.54,ID,1710097755
cidreira,-30.1811,-50.2056,298.63,76,0,5.64,BR,1710097755
cinisi,38.1562,13.1073,289.18,82,40,1.54,IT,1710097755
laascaanood,8.4774,47.3597,299.53,40,0,6.71,SO,1710097756
quesnel,52.9999,-122.5029,278.35,72,100,5.3,CA,1710097756
carloforte,39.145,8.3058,286.53,80,6,6.67,IT,1710097757
oppdal,62.5943,9.6912,263.87,86,66,4.73,NO,1710097757
pozo del molle,-32.0186,-62.9198,307.09,50,71,5.48,AR,1710097758
kuraymah,18.55,31.85,305.23,8,13,3.03,SD,1710097758
touros,-5.1989,-35.4608,302.63,71,43,5.96,BR,1710097759
lesina,41.8594,15.3527,286.92,78,100,5.27,IT,1710097759
quvasoy,40.3022,71.9744,279.77,76,75,2.06,UZ,1710097760
teshi old town,5.5836,-0.1072,302.02,76,86,5.06,GH,1710097760
ciudad bolivar,8.1222,-63.5497,311.92,23,100,4.41,VE,1710097760
redencao,-4.2258,-38.7306,301.86,81,66,1.95,BR,1710097761
fada,9.5667,8.3,303.86,37,97,1.62,NG,1710097761
saudarkrokur,65.7461,-19.6394,269.95,83,100,2.54,IS,1710097762
jabor,5.921,169.6434,301.05,82,96,11.49,MH,1710097822
santana,-0.0583,-51.1817,300.25,83,40,3.09,BR,1710097823
saiha,22.4833,92.9667,286.03,35,0,1.78,IN,1710097824
sao paulo de olivenca,-3.3783,-68.8725,305.55,59,75,1.04,BR,1710097825
mandal,25.45,74.5667,294.65,29,8,2.27,IN,1710097826
papao,-17.75,-149.55,302.97,80,100,4.9,PF,1710097826
sebastian,35.1668,-94.2669,288.48,35,24,1.63,US,1710097827
ulety,51.3572,112.4849,262.03,96,38,1.79,RU,1710097827
marquette,46.5333,-87.6335,276.07,53,0,4.02,US,1710097617
champerico,14.3,-91.9167,309.45,61,0,4.95,GT,1710097829
akureyri,65.6835,-18.0878,267.45,85,100,2.47,IS,1710097829
portland,45.5234,-122.6762,283.18,82,100,5.81,US,1710097297
weno,7.4515,151.8468,301.12,89,100,4.63,FM,1710097830
mangrol,21.1167,70.1167,297.16,51,2,4.41,IN,1710097831
qusmuryn,52.4503,64.6311,265.24,95,96,4.99,KZ,1710097831
kingman,35.1894,-114.053,292.13,26,0,4.12,US,1710097299
moussoro,13.6408,16.4901,307.96,10,100,3.49,TD,1710097832
sinabang,2.4803,96.3801,300.44,77,97,1.75,ID,1710097833
argo,37.6333,22.7333,285.25,89,100,1.17,GR,1710097833
palu,-0.8917,119.8707,297.52,95,100,1.56,ID,1710097834
hadithah,34.1397,42.3781,290.16,45,43,4.33,IQ,1710097834
saipan,15.1355,145.701,298.54,83,20,6.17,MP,1710097835
longgang,37.6508,120.3286,278.4,74,100,7.35,CN,1710097835
banaz,38.7371,29.7519,278.8,55,0,0.69,TR,1710097836
isafjordur,66.0755,-23.124,273.56,82,10,0.48,IS,1710097836
bouar,5.934,15.596,299.21,25,69,1.63,CF,1710097837
illizi,26.4833,8.4667,297.25,7,0,2.15,DZ,1710097837
puerto aysen,-45.4,-72.7,285.77,94,100,3.16,CL,1710097838
diego de almagro,-26.3667,-70.05,301.48,24,61,4.85,CL,1710097838
arno,60.1167,18.6333,271.92,84,100,3.5,SE,1710097838
karratha,-20.7377,116.8463,301.68,73,100,6.8,AU,1710097839
keflavik,64.0049,-22.5624,278.39,70,40,3.6,IS,1710097839
mogocha,53.7333,119.7667,254.35,97,10,1.56,RU,1710097840
minas de marcona,-15.2119,-75.1103,296.43,60,48,6.83,PE,1710097840
shingu,33.7333,135.9833,275.89,64,0,2.29,JP,1710097841
rongelap,11.1635,166.8941,299.77,76,100,10.1,MH,1710097841
colchani,-20.3,-66.9333,288.4,51,100,6.58,BO,1710097842
khandyga,62.6667,135.6,239.22,100,91,0.21,RU,1710097842
sur,22.5667,59.5289,296.15,82,0,1.99,OM,1710097843
novyy urgal,51.0736,132.5642,252.86,100,98,1.07,RU,1710097843
kalix,65.853,23.1565,266.75,96,31,3.17,SE,1710097844
tazacorte,28.629,-17.9293,292.69,75,40,2.57,ES,1710097844
shiqian,27.5225,108.2281,285.33,77,100,1.24,CN,1710097845
tyuratam,45.6507,63.3156,274.51,73,12,3.13,KZ,1710097845
ovalle,-30.5983,-71.2003,300.87,39,0,4.97,CL,1710097846
vorkuta,67.5,64.0,248.22,98,100,2.37,RU,1710097907
choma,-16.8065,26.9531,293.61,62,5,1.52,ZM,1710097908
fortaleza,-3.7227,-38.5247,304.22,85,40,4.12,BR,1710097908
kapoeta,4.7717,33.5903,303.04,44,16,7.06,SS,1710097912
ghormach,35.7306,63.7826,286.53,70,100,2.22,AF,1710097914
kruisfontein,-34.0033,24.7314,292.53,88,0,0.83,ZA,1710097915
selfoss,63.9331,-20.9971,275.95,69,96,3.19,IS,1710097916
pont rouge,48.8833,-72.0825,272.31,100,100,3.27,CA,1710097917
richards bay,-28.783,32.0377,297.85,92,0,2.48,ZA,1710097917
timbuktu,16.7735,-3.0074,307.22,9,32,4.24,ML,1710097918
holualoa,19.6228,-155.9522,295.12,84,100,3.09,US,1710097918
east london,-33.0153,27.9116,297.31,82,14,1.29,ZA,1710097919
pingzhuang,42.0372,119.2889,272.14,45,100,2.9,CN,1710097920
murzuq,25.9155,13.9184,294.7,16,0,2.27,LY,1710097920
kangding,30.0513,101.9603,275.03,50,6,1.71,CN,1710097921
cozumel,20.5083,-86.9458,302.19,81,75,3.13,MX,1710097765
necochea,-38.5473,-58.7368,302.2,25,25,4.85,AR,1710097923
severo-yeniseyskiy,60.3725,93.0408,266.8,89,100,4.47,RU,1710097924
tostado,-29.232,-61.7692,311.22,39,45,7.37,AR,1710097924
bagan,54.1001,77.6646,269.6,95,100,3.37,RU,1710097926
erseke,40.3378,20.6789,280.07,86,100,2.4,AL,1710097926
ponthierry,48.5337,2.5442,282.64,87,0,2.57,FR,1710097927
alice springs,-23.7,133.8833,298.9,94,40,2.57,AU,1710097927
mata-utu,-13.2816,-176.1745,302.17,78,40,5.09,WF,1710097930
kapuskasing,49.4169,-82.4331,270.29,78,100,6.31,CA,1710097932
gebre guracha,9.8,38.4,288.06,78,78,1.38,ET,1710097933
bamboo flat,11.7,92.7167,299.53,66,89,4.56,IN,1710097934
floriano,-6.7669,-43.0225,307.59,43,20,3.19,BR,1710097934
mukalla,14.5425,49.1242,299.73,84,46,2.47,YE,1710097935
nantucket,41.2835,-70.0995,284.34,81,0,8.75,US,1710097684
kudahuvadhoo,2.6708,72.8944,301.68,69,96,4.6,MV,1710097936
saint-pierre,-21.3393,55.4781,298.97,78,10,2.57,RE,1710097937
chipata,-13.6333,32.65,292.87,86,26,1.7,ZM,1710097937
bulgan,48.8125,103.5347,256.85,89,9,1.69,MN,1710097938
porto novo,6.4965,2.6036,301.41,78,100,3.82,BJ,1710097939
areka,7.0667,37.7,291.32,80,21,1.8,ET,1710097939
haicheng,40.8516,122.7475,276.56,71,100,4.53,CN,1710097940
bubaque,11.2833,-15.8333,298.95,71,100,9.67,GW,1710097940
cabedelo,-6.9811,-34.8339,304.52,69,100,5.54,BR,1710097941
ujae,8.9322,165.7642,299.96,78,100,9.73,MH,1710097941
przemkow,51.5253,15.7944,283.71,70,100,5.76,PL,1710097942
trairi,-3.2778,-39.2689,302.6,71,16,3.48,BR,1710097748
sterling,39.0062,-77.4286,282.9,45,75,10.29,US,1710097927
george town,5.4112,100.3354,301.45,78,20,1.54,MY,1710097831
haiku-pauwela,20.9219,-156.3051,295.95,77,20,8.75,US,1710097944
maitum,6.0392,124.4986,297.49,82,92,2.37,PH,1710098004
vadso,70.0744,29.7487,275.24,75,75,5.14,NO,1710098005
roma,43.2128,-75.4557,277.57,73,100,7.2,US,1710097874
san antonio de pale,-1.4014,5.6325,301.9,75,44,3.07,GQ,1710098006
port hedland,-20.3167,118.5667,301.18,89,40,2.06,AU,1710098007
yen vinh,18.6667,105.6667,292.62,90,100,2.36,VN,1710098007
mili,6.0815,171.735,300.86,84,25,10.98,MH,1710098008
ivins,37.1686,-113.6794,288.79,25,100,0.45,US,1710098008
vila velha,-20.3297,-40.2925,303.12,82,0,5.66,BR,1710098009
sampit,-2.5333,112.95,297.13,97,100,1.16,ID,1710098009
kill devil hills,36.0307,-75.676,289.15,50,0,7.2,US,1710098010
coquimbo,-29.9533,-71.3436,293.0,68,75,7.2,CL,1710097364
pointe-noire,-4.7761,11.8635,300.47,83,100,4.82,CG,1710098011
carnarvon,-24.8667,113.6333,298.47,74,0,7.33,AU,1710098011
dampit,-8.2116,112.7493,295.08,96,100,0.75,ID,1710098012
gorgan,36.8387,54.4348,284.55,70,42,3.02,IR,1710097773
vernon,50.2581,-119.2691,282.38,70,100,0.45,CA,1710097868
tanggu,39.0211,117.6469,279.13,58,99,2.32,CN,1710098013
stephenville,32.2207,-98.2023,289.78,40,0,2.06,US,1710098014
mocimboa,-11.3167,40.35,299.13,88,99,2.52,MZ,1710098015
ixtapa,20.7,-105.2,297.72,61,75,3.09,MX,1710098015
badger,64.8,-147.5333,256.47,67,100,2.06,US,1710098016
anori,-3.7728,-61.6442,304.76,63,100,1.42,BR,1710098016
fort stockton,30.894,-102.8793,289.35,37,100,5.55,US,1710098017
buka,40.8108,69.1986,282.17,83,80,1.15,UZ,1710098017
tianpeng,30.9866,103.9393,280.41,74,4,2.64,CN,1710098018
majuro,7.0897,171.3803,301.13,83,100,10.8,MH,1710098019
le marin,14.4721,-60.8697,302.1,65,75,2.57,MQ,1710098019
kainantu,-6.2887,145.8655,290.11,98,100,0.88,PG,1710098020
tamandare,-8.7597,-35.1047,302.8,61,14,3.54,BR,1710098020
sedrata,36.1287,7.5338,281.84,66,43,2.81,DZ,1710098021
tuzhai,24.983,118.8319,286.06,87,100,1.26,CN,1710098021
happy valley-goose bay,53.3168,-60.3315,277.32,20,100,1.03,CA,1710098022
quepos,9.4236,-84.1652,304.49,62,12,3.33,CR,1710098022
nogliki,51.8333,143.1667,261.12,95,84,3.13,RU,1710098023
mount gambier,-37.8333,140.7667,298.14,31,100,3.92,AU,1710098023
yayva,59.3303,57.2641,251.03,100,94,0.86,RU,1710098023
khanbari,27.3747,87.2039,286.76,46,0,1.51,NP,1710098024
madalena,41.2162,-8.3345,286.21,86,21,3.4,PT,1710098024
el granada,37.5027,-122.4694,290.5,65,0,3.6,US,1710098025
saint-philippe,-21.3585,55.7679,298.92,85,43,5.25,RE,1710098025
hilo,19.7297,-155.09,293.29,98,100,2.57,US,1710097799
kirensk,57.7853,108.1119,267.02,91,100,3.13,RU,1710098026
bejaia,36.7559,5.0843,286.75,72,40,1.54,DZ,1710098027
dryden,49.7833,-92.7503,275.31,35,0,5.14,CA,1710098027
yelovo,57.0538,54.9207,255.3,100,99,0.99,RU,1710098027
mount pearl,47.5166,-52.7813,273.4,89,100,2.57,CA,1710098028
margate,51.3813,1.3862,281.43,91,100,0.45,GB,1710098028
island harbour,50.724,-1.2758,282.85,89,100,0.89,GB,1710098029
zeya,53.75,127.2667,255.09,91,23,2.36,RU,1710098089
kamyzyak,46.11,48.0736,276.14,64,0,5.0,RU,1710098090
invercargill,-46.4,168.35,285.94,89,100,7.6,NZ,1710098090
teodoro sampaio,-22.5325,-52.1675,307.05,47,99,3.19,BR,1710098091
farrukhnagar,17.0778,78.2011,297.99,50,65,3.64,IN,1710098092
khovd,48.0056,91.6419,268.75,56,91,0.24,MN,1710098097
pauini,-7.7136,-66.9764,303.1,77,95,0.87,BR,1710098099
oriximina,-1.7656,-55.8661,301.3,86,100,0.72,BR,1710098100
nueva gerona,21.8833,-82.8,302.49,63,47,1.45,CU,1710098100
basaksehir,41.0931,28.802,280.97,75,0,0.51,TR,1710098101
ostersund,63.1792,14.6357,269.05,86,100,4.63,SE,1710098101
ad dabbah,18.05,30.95,304.98,8,19,3.22,SD,1710098102
mosjoen,65.836,13.1908,272.27,59,0,2.06,NO,1710098102
tevriz,57.509,72.4042,256.96,99,100,1.23,RU,1710098103
kulu,39.0951,33.0799,278.29,57,94,2.36,TR,1710098104
rundu,-17.9333,19.7667,295.33,71,100,1.2,NA,1710098104
bandar lampung,-5.4254,105.258,297.05,96,100,1.73,ID,1710098105
deming,32.2687,-107.7586,288.09,29,0,2.57,US,1710098106
cidade velha,14.9167,-23.6167,296.41,64,20,8.75,CV,1710098106
medicine hat,50.0501,-110.6683,283.27,47,5,5.81,CA,1710097924
oneida,43.2001,-75.4663,277.6,72,100,7.2,US,1710098107
kolonia town,6.964,158.206,301.15,74,100,5.14,FM,1710098108
lionel town,17.8101,-77.2406,305.32,54,0,5.14,JM,1710097860
castillos,-34.1667,-53.8333,297.56,40,2,3.92,UY,1710098109
bodo,67.28,14.405,274.17,60,0,4.12,NO,1710097943
alamosa,37.4695,-105.87,277.14,48,0,0.0,US,1710098110
midvagur,62.0511,-7.1939,278.61,70,100,3.6,FO,1710098110
tomaszow mazowiecki,51.5313,20.0086,283.3,66,100,7.65,PL,1710098111
pokrovsk,48.282,37.1758,275.1,68,100,3.59,UA,1710098111
huazhou,21.6333,110.5833,291.13,86,100,3.4,CN,1710098112
cananea,30.95,-110.3,287.82,26,0,4.46,MX,1710098112
lae,-6.7221,146.9847,298.21,93,100,4.87,PG,1710098112
i-n-salah,27.1935,2.4607,297.29,13,0,4.41,DZ,1710098113
coronel dorrego,-38.7187,-61.2873,303.84,22,46,7.17,AR,1710098113
guaruja,-23.9931,-46.2564,302.07,37,20,2.68,BR,1710098114
asan-maina village,13.4722,144.7165,298.55,89,75,3.58,GU,1710098114
guiratinga,-16.3494,-53.7583,298.87,83,100,1.28,BR,1710098115
san rafael,-34.6177,-68.3301,303.11,37,0,5.2,AR,1710098115
queenstown,-31.8976,26.8753,292.28,88,0,2.47,ZA,1710098116
las heras,-46.5419,-68.9359,293.58,25,26,16.41,AR,1710098116
cadillac,44.2519,-85.4012,275.26,64,100,8.75,US,1710098117
labytnangi,66.6572,66.4183,245.7,96,99,0.82,RU,1710098117
dakoro,14.5106,6.765,305.79,12,11,4.03,NE,1710098118
neyriz,29.1988,54.3278,283.97,29,0,1.68,IR,1710098118
beloyarskiy,63.7119,66.6722,242.59,100,97,0.45,RU,1710098118
newport,51.5877,-2.9984,282.97,90,100,3.66,GB,1710098089
nova vicosa,-17.8919,-39.3719,303.51,66,16,6.26,BR,1710098119
qamdo,31.1667,97.2333,265.15,33,1,0.74,CN,1710098120
garoowe,8.4054,48.4845,297.61,67,0,6.47,SO,1710098120
flin flon,54.7682,-101.865,277.06,56,20,5.14,CA,1710098181
rio de janeiro,-22.9028,-43.2075,304.12,70,75,6.17,BR,1710098122
spoleto,42.7448,12.7374,283.68,92,100,2.33,IT,1710098182
ta`u,-14.2336,-169.5144,301.67,78,54,4.95,AS,1710098182
maraba,-5.3686,-49.1178,305.25,74,40,1.03,BR,1710098183
nouadhibou,20.931,-17.0347,294.14,64,100,8.23,MR,1710098183
zhlobin,52.8926,30.024,270.85,66,0,3.84,BY,1710098184
adrar,20.5022,-10.0711,297.23,19,100,4.06,MR,1710098184
igarka,67.4667,86.5833,240.71,100,95,1.58,RU,1710098185
panaba,21.2833,-88.2667,303.44,62,70,5.81,MX,1710098185
angaur state,6.906,134.13,300.37,75,49,6.98,PW,1710098186
hangu,39.2489,117.7892,279.17,56,100,2.09,CN,1710098186
mauranwan,26.4333,80.8833,289.17,26,0,1.46,IN,1710098187
abu al matamir,30.9102,30.1744,288.42,75,0,3.05,EG,1710098187
belem do brejo do cruz,-6.1886,-37.5358,305.96,49,100,1.72,BR,1710098188
svilengrad,41.7667,26.2,282.21,86,100,2.13,BG,1710098188
kuanda,56.3161,116.0806,259.41,96,100,0.62,RU,1710098189
piacabucu,-10.4056,-36.4344,303.02,62,1,4.31,BR,1710098189
antsiranana,-12.2787,49.2917,299.08,86,28,5.12,MG,1710098190
krasnyy chikoy,50.3643,108.7512,261.35,99,87,1.6,RU,1710098190
callao,-12.0667,-77.15,300.31,61,0,4.63,PE,1710098039
ibiruba,-28.6275,-53.0897,303.54,44,6,2.84,BR,1710098191
santa cruz,-17.8,-63.1667,306.18,58,40,8.23,BO,1710098071
miri,4.4148,114.0089,298.23,100,20,1.54,MY,1710098192
chul'man,56.8479,124.9104,252.06,100,100,0.17,RU,1710098193
yanjiang,30.1211,104.6481,283.42,81,36,2.92,CN,1710098193
kingscliff,-28.2667,153.5667,296.91,94,75,3.6,AU,1710098194
divonne-les-bains,46.3594,6.1357,280.91,83,40,0.51,FR,1710098194
shakawe,-18.3667,21.85,298.29,51,62,1.55,BW,1710098194
veraval,20.9,70.3667,297.5,49,4,5.0,IN,1710098195
topolobampo,25.6,-109.05,298.1,41,75,4.12,MX,1710098195
muromtsevo,56.3724,75.2418,258.79,100,94,1.49,RU,1710098196
morinville,53.8001,-113.652,282.92,49,0,3.6,CA,1710098196
kone,-21.0595,164.8658,298.38,84,100,3.07,NC,1710098197
canyon,34.9803,-101.9188,291.22,29,0,7.15,US,1710098004
vitali,7.3711,122.2886,298.36,68,100,1.05,PH,1710098197
axim,4.8699,-2.2405,301.29,81,99,3.11,GH,1710098198
nadi,-17.8,177.4167,298.15,94,75,1.54,FJ,1710098198
altamira,-3.2033,-52.2064,305.2,66,75,2.57,BR,1710098199
greenville,35.6127,-77.3663,289.24,38,0,6.17,US,1710098199
barbezieux-saint-hilaire,45.4726,-0.1522,280.3,95,100,4.24,FR,1710098200
san andres,12.5847,-81.7006,304.16,66,20,5.14,CO,1710098200
praia,14.9215,-23.5087,296.45,64,20,8.75,CV,1710098201
sao joao da barra,-21.6403,-41.0511,301.2,88,96,2.18,BR,1710098084
piti village,13.4626,144.6933,298.64,89,75,3.09,GU,1710098202
altai,46.3722,96.2583,265.73,32,7,0.93,MN,1710098202
lautoka,-17.6167,177.4667,298.07,94,75,1.54,FJ,1710098263
dong ha,16.8163,107.1003,294.2,89,99,0.88,VN,1710098264
hengchun,22.0042,120.7439,293.94,74,99,7.1,TW,1710098264
altay,47.8667,88.1167,273.75,69,100,1.96,CN,1710098264
kapa'a,22.0752,-159.319,296.14,78,40,7.72,US,1710098265
kolwezi,-10.7148,25.4667,291.37,91,100,0.85,CD,1710098273
corinto,37.9407,22.9573,285.31,87,94,1.71,GR,1710098275
fruita,39.1589,-108.729,286.82,28,0,1.54,US,1710098275
totness,5.8833,-56.3167,302.37,61,20,5.16,SR,1710098276
puerto armuelles,8.2833,-82.8667,307.14,64,98,1.34,PA,1710098276
hopelchen,19.7667,-89.85,305.75,46,77,0.52,MX,1710098277
wau,7.7029,27.9953,304.93,16,1,1.61,SS,1710098277
moab,38.5733,-109.5498,287.38,27,6,0.45,US,1710098235
namibe,-15.1961,12.1522,298.5,85,100,4.34,AO,1710098278
ha'il,27.5219,41.6907,296.16,23,40,9.26,SA,1710098278
nabire,-3.3667,135.4833,297.23,97,100,0.36,ID,1710098279
ulanhot,46.0833,122.0833,269.41,65,0,2.53,CN,1710098279
dzhangala,49.2167,50.3333,271.1,71,100,0.92,KZ,1710098280
yugorsk,61.3133,63.3319,253.65,100,96,0.9,RU,1710098280
ciudad del carmen,18.6333,-91.8333,301.17,69,40,5.66,MX,1710098121
kasongo,-4.45,26.6667,294.78,96,98,0.8,CD,1710098281
razole,16.4833,81.8333,297.17,84,8,1.67,IN,1710098281
inirida,3.8653,-67.9239,304.46,66,100,1.58,CO,1710098282
brisas de zicatela,15.8369,-97.0419,301.44,69,0,3.6,MX,1710098282
chui,-33.6971,-53.4616,298.11,41,6,4.81,UY,1710098283
ceeldheer,3.8488,47.1806,300.1,73,3,5.6,SO,1710098283
dunedin,-45.8742,170.5036,288.04,87,100,2.24,NZ,1710098168
urengoy,65.9667,78.3667,240.19,100,82,1.93,RU,1710098285
kendari,-3.945,122.4989,297.7,95,100,1.44,ID,1710098285
arraial do cabo,-22.9661,-42.0278,304.13,70,40,8.23,BR,1710098286
stanthorpe,-28.6667,151.95,289.5,97,100,7.28,AU,1710098287
deschutes river woods,43.9915,-121.3584,280.81,76,0,5.66,US,1710098289
general roca,-39.0333,-67.5833,305.72,26,75,6.78,AR,1710098238
saint-paul,-21.0096,55.2707,300.2,79,13,1.89,RE,1710098291
bridlington,54.0831,-0.1919,280.31,91,100,7.15,GB,1710098292
ciudad lazaro cardenas,17.9583,-102.2,300.58,55,0,4.11,MX,1710098292
uyuni,-20.4597,-66.825,289.19,50,100,6.33,BO,1710098294
apac,1.9756,32.5386,297.94,56,66,0.94,UG,1710098294
brookings,44.3114,-96.7984,286.51,34,0,10.29,US,1710098295
yokadouma,3.5167,15.05,299.35,61,16,0.15,CM,1710098295
crane,31.3974,-102.3501,287.79,30,99,3.84,US,1710098296
tralee,52.2704,-9.7026,280.14,91,100,2.22,IE,1710098296
kresttsy,58.2452,32.5165,271.29,98,100,1.38,RU,1710098297
gamba,-2.65,10.0,300.83,88,100,4.32,GA,1710098297
ulsteinvik,62.3432,5.8487,276.9,57,41,1.34,NO,1710098298
kuta,-8.7233,115.1723,299.12,94,75,11.32,ID,1710098298
batang,-6.4846,110.7083,299.05,87,100,1.73,ID,1710098358
limassol,34.675,33.0333,286.19,76,0,1.54,CY,1710098359
sakaiminato,35.55,133.2333,275.14,87,20,0.51,JP,1710098359
ambodifotatra,-16.9833,49.85,300.69,71,94,5.49,MG,1710098360
zouerate,22.7187,-12.4521,296.57,30,25,4.51,MR,1710098360
kununurra,-15.7667,128.7333,299.14,100,100,0.51,AU,1710098361
torquay,50.4638,-3.5143,281.13,92,100,1.78,GB,1710098361
galliano,29.4422,-90.2992,290.37,46,100,5.37,US,1710098362
bereznik,62.8551,42.7072,263.47,97,100,2.25,RU,1710098363
shenjiamen,29.9576,122.298,282.31,86,96,5.57,CN,1710098367
suntar,62.1444,117.6319,257.68,98,100,1.58,RU,1710098368
tofol,5.3248,163.0078,300.85,79,98,9.97,FM,1710098369
katsuren-haebaru,26.3369,127.8719,291.58,69,40,3.09,JP,1710098369
key west,24.5557,-81.7826,303.15,72,40,6.17,US,1710098115
codrington,-38.2667,141.9667,295.95,40,100,3.74,AU,1710098370
chernyshevskiy,63.0128,112.4714,259.03,98,100,1.53,RU,1710098371
mareeba,-17.0,145.4333,295.64,88,41,1.07,AU,1710098371
butajira,8.1167,38.3667,290.89,77,32,3.52,ET,1710098372
dombarovskiy,50.7587,59.5386,260.93,96,18,4.02,RU,1710098372
sainte-marie,-20.8968,55.5496,300.22,83,20,5.14,RE,1710098373
farah,32.5,62.5,287.34,66,100,1.16,AF,1710098373
bloemfontein,-29.1211,26.214,296.86,33,2,3.09,ZA,1710098370
souillac,-20.5167,57.5167,300.36,89,75,5.66,MU,1710098374
uaua,-9.8414,-39.4817,308.07,33,23,4.23,BR,1710098374
suva,-18.1416,178.4415,297.86,100,75,0.0,FJ,1710098375
olinda,-8.0089,-34.8553,303.0,66,0,5.14,BR,1710098375
grants pass,42.439,-123.3284,282.13,90,40,1.54,US,1710098376
blackwater,-23.5833,148.8833,294.11,80,1,6.22,AU,1710098376
sosnovka,56.255,51.2842,255.42,99,99,1.21,RU,1710098376
nagqu,31.5,92.0,264.11,22,87,2.24,CN,1710098377
mar del plata,-38.0023,-57.5575,301.16,58,0,6.17,AR,1710098254
bogalusa,30.791,-89.8487,293.59,19,0,3.09,US,1710098378
mitsamiouli,-11.3847,43.2844,301.75,79,45,4.25,KM,1710098378
puerto madryn,-42.7692,-65.0385,297.87,30,17,1.73,AR,1710098379
komoro,36.3167,138.4333,268.56,76,3,0.45,JP,1710098379
mikuni,36.2171,136.1519,272.1,64,3,2.57,JP,1710098380
bereeda,11.8704,51.0579,299.66,77,1,4.29,SO,1710098381
